<?xml version="1.0" encoding="UTF-8"?><ConceptMap xmlns="http://hl7.org/fhir"><id value="ConceptMapSubject2Osiris"/><text><status value="extensions"/><div xmlns="http://www.w3.org/1999/xhtml"><h2>Subject2Osiris (http://terminology.hl7.it/ConceptMap/ConceptMap-subject2osiris)</h2><p>Mapping from <a href="StructureDefinition-Subject.html">Subject of care</a> to <a href="StructureDefinition-Osiris.html">Osiris Model</a></p><p>DRAFT (not intended for production usage). Published on 2023-03-19 10:37:36+0100 by IDEA4RC Project (IDEA4RC Project: <a href="https://www.idea4rc.eu/">https://www.idea4rc.eu/</a>, IDEA4RC Project: <a href="https://www.idea4rc.eu/">https://www.idea4rc.eu/</a>). </p><div><p>IDEA4RC Subject model to Osiris mapping</p>
</div><br/><p><b>Group 1</b>Mapping from <a href="StructureDefinition-Subject.html">Subject of care</a> to <a href="StructureDefinition-Osiris.html">Osiris Model</a></p><table class="grid"><tr><td><b>Source Code</b></td><td><b>Relationship</b></td><td><b>Target Code</b></td></tr><tr><td>Subject (Subject of care)</td><td><a href="http://hl7.org/fhir/R4/codesystem-concept-map-equivalence.html#equivalent" title="equivalent">is equivalent to</a></td><td>Osiris.Patient (Patient)</td></tr><tr><td>Subject.dateOfBirth (Date of birth)</td><td><a href="http://hl7.org/fhir/R4/codesystem-concept-map-equivalence.html#relatedto" title="relatedto">is related to</a></td><td>Osiris.Patient.BirthDate (Birth Date [C4])</td></tr><tr><td>Subject.dateOfBirth.date (Date of birth)</td><td><a href="http://hl7.org/fhir/R4/codesystem-concept-map-equivalence.html#equivalent" title="equivalent">is equivalent to</a></td><td>Osiris.Patient.BirthDate (Birth Date [C4])</td></tr><tr><td>Subject.dateOfBirth.unknown (Date of birth day unknown)</td><td colspan="2" style="background-color: #efefef">(not mapped)</td></tr><tr><td>Subject.maritalStatus (Marital status)</td><td colspan="2" style="background-color: #efefef">(not mapped)</td></tr><tr><td>Subject.sexOrGender (Gender/Sex)</td><td><a href="http://hl7.org/fhir/R4/codesystem-concept-map-equivalence.html#narrower" title="narrower">narrower</a></td><td>Osiris.Patient.Gender (Gender [C2])</td></tr><tr><td>Subject.race (Race)</td><td><a href="http://hl7.org/fhir/R4/codesystem-concept-map-equivalence.html#wider" title="wider">maps to wider concept</a></td><td>Osiris.Patient.Ethnicity (Ethnicity [C3])</td></tr><tr><td>Subject.countryOfResidence (Country of Residence )</td><td colspan="2" style="background-color: #efefef">(not mapped)</td></tr></table></div></text><url value="http://terminology.hl7.it/ConceptMap/ConceptMap-subject2osiris"/><version value="0.1.0"/><name value="Subject2Osiris"/><title value="IDEA4RC Subject model to Osiris mapping"/><status value="draft"/><experimental value="true"/><date value="2023-03-19T10:37:36+01:00"/><publisher value="IDEA4RC Project"/><contact><name value="IDEA4RC Project"/><telecom><system value="url"/><value value="https://www.idea4rc.eu/"/></telecom></contact><contact><name value="IDEA4RC Project"/><telecom><system value="url"/><value value="https://www.idea4rc.eu/"/></telecom></contact><description value="IDEA4RC Subject model to Osiris mapping"/><jurisdiction><coding><system value="http://unstats.un.org/unsd/methods/m49/m49.htm"/><code value="150"/><display value="Europe"/></coding></jurisdiction><purpose value="It shows how the IDEA4RC subject model is mapped into Osiris"/><sourceUri value="http://hl7.eu/fhir/ig/idea4rc/StructureDefinition/Subject"/><targetUri value="http://hl7.eu/fhir/ig/idea4rc/StructureDefinition/Osiris"/><group><source value="http://hl7.eu/fhir/ig/idea4rc/StructureDefinition/Subject"/><target value="http://hl7.eu/fhir/ig/idea4rc/StructureDefinition/Osiris"/><element><code value="Subject"/><display value="Subject of care"/><target><code value="Osiris.Patient"/><display value="Patient"/><equivalence value="equivalent"/></target></element><element><code value="Subject.dateOfBirth"/><display value="Date of birth"/><target><code value="Osiris.Patient.BirthDate"/><display value="Birth Date [C4]"/><equivalence value="relatedto"/></target></element><element><code value="Subject.dateOfBirth.date"/><display value="Date of birth"/><target><code value="Osiris.Patient.BirthDate"/><display value="Birth Date [C4]"/><equivalence value="equivalent"/></target></element><element><code value="Subject.dateOfBirth.unknown"/><display value="Date of birth day unknown"/><target><equivalence value="unmatched"/></target></element><element><code value="Subject.maritalStatus"/><display value="Marital status"/><target><equivalence value="unmatched"/></target></element><element><code value="Subject.sexOrGender"/><display value="Gender/Sex"/><target><code value="Osiris.Patient.Gender"/><display value="Gender [C2]"/><equivalence value="narrower"/></target></element><element><code value="Subject.race"/><display value="Race"/><target><code value="Osiris.Patient.Ethnicity"/><display value="Ethnicity [C3]"/><equivalence value="wider"/></target></element><element><code value="Subject.countryOfResidence"/><display value="Country of Residence "/><target><equivalence value="unmatched"/></target></element></group></ConceptMap>