<?xml version="1.0" encoding="UTF-8"?><ConceptMap xmlns="http://hl7.org/fhir"><id value="ConceptMapOsiris2I4rc"/><text><status value="extensions"/><div xmlns="http://www.w3.org/1999/xhtml"><h2>Osiris2I4rc (http://terminology.hl7.it/ConceptMap/ConceptMap-osiris2idea4rc)</h2><p>Mapping from <a href="StructureDefinition-Osiris.html">Osiris Model</a> to <a href="StructureDefinition-Subject.html">Subject of care</a></p><p>DRAFT (not intended for production usage). Published on 2023-03-19 10:37:36+0100 by IDEA4RC Project (IDEA4RC Project: <a href="https://www.idea4rc.eu/">https://www.idea4rc.eu/</a>, IDEA4RC Project: <a href="https://www.idea4rc.eu/">https://www.idea4rc.eu/</a>). </p><div><p>Osiris to IDEA4RC models mapping</p>
</div><br/><p><b>Group 1</b>Mapping from <a href="StructureDefinition-Osiris.html">Osiris Model</a> to <a href="StructureDefinition-Subject.html">Subject of care</a></p><table class="grid"><tr><td><b>Source Code</b></td><td><b>Relationship</b></td><td><b>Target Code</b></td></tr><tr><td>Osiris.Patient (Patient)</td><td><a href="http://hl7.org/fhir/R4/codesystem-concept-map-equivalence.html#equivalent" title="equivalent">is equivalent to</a></td><td>Subject (Subject of care)</td></tr><tr><td>Osiris.Patient.Id (Patient Id [C1])</td><td colspan="2" style="background-color: #efefef">(not mapped)</td></tr><tr><td>Osiris.Patient.Gender (Gender [C2])</td><td><a href="http://hl7.org/fhir/R4/codesystem-concept-map-equivalence.html#wider" title="wider">maps to wider concept</a></td><td>Subject.sexOrGender (Gender/Sex)</td></tr><tr><td>Osiris.Patient.Ethnicity (Ethnicity [C3])</td><td><a href="http://hl7.org/fhir/R4/codesystem-concept-map-equivalence.html#relatedto" title="relatedto">is related to</a></td><td>Subject.race (Race)</td></tr><tr><td>Osiris.Patient.BirthDate (Birth Date [C4])</td><td><a href="http://hl7.org/fhir/R4/codesystem-concept-map-equivalence.html#equivalent" title="equivalent">is equivalent to</a></td><td>Subject.dateOfBirth.date (Date of birth)</td></tr><tr><td>Osiris.Patient.DeathDate (Death Date [C5])</td><td colspan="2" style="background-color: #efefef">(not mapped)</td></tr><tr><td>Osiris.Patient.ProviderCenterId (Provider  Center  Id [C6])</td><td colspan="2" style="background-color: #efefef">(not mapped)</td></tr><tr><td>Osiris.Patient.OriginCenterId (Origin  Center  Id [C71])</td><td colspan="2" style="background-color: #efefef">(not mapped)</td></tr><tr><td>Osiris.Patient.CauseOfDeath (Cause of death [C7])</td><td colspan="2" style="background-color: #efefef">(not mapped)</td></tr><tr><td>Osiris.Patient.LastNewsDate (Last News Date [C8])</td><td colspan="2" style="background-color: #efefef">(not mapped)</td></tr><tr><td>Osiris.Patient.LastNewsStatus (Last News Status [C9])</td><td colspan="2" style="background-color: #efefef">(not mapped)</td></tr></table></div></text><url value="http://terminology.hl7.it/ConceptMap/ConceptMap-osiris2idea4rc"/><version value="0.1.0"/><name value="Osiris2I4rc"/><title value="Osiris to IDEA4RC models mapping"/><status value="draft"/><experimental value="true"/><date value="2023-03-19T10:37:36+01:00"/><publisher value="IDEA4RC Project"/><contact><name value="IDEA4RC Project"/><telecom><system value="url"/><value value="https://www.idea4rc.eu/"/></telecom></contact><contact><name value="IDEA4RC Project"/><telecom><system value="url"/><value value="https://www.idea4rc.eu/"/></telecom></contact><description value="Osiris to IDEA4RC models mapping"/><jurisdiction><coding><system value="http://unstats.un.org/unsd/methods/m49/m49.htm"/><code value="150"/><display value="Europe"/></coding></jurisdiction><purpose value="Show how the OSIRIS models is covered by the IDEA4RC one"/><sourceUri value="http://hl7.eu/fhir/ig/idea4rc/StructureDefinition/Osiris"/><targetUri value="http://hl7.eu/fhir/ig/idea4rc/StructureDefinition/Subject"/><group><source value="http://hl7.eu/fhir/ig/idea4rc/StructureDefinition/Osiris"/><target value="http://hl7.eu/fhir/ig/idea4rc/StructureDefinition/Subject"/><element><code value="Osiris.Patient"/><display value="Patient"/><target><code value="Subject"/><display value="Subject of care"/><equivalence value="equivalent"/></target></element><element><code value="Osiris.Patient.Id"/><display value="Patient Id [C1]"/><target><equivalence value="unmatched"/></target></element><element><code value="Osiris.Patient.Gender"/><display value="Gender [C2]"/><target><code value="Subject.sexOrGender"/><display value="Gender/Sex"/><equivalence value="wider"/></target></element><element><code value="Osiris.Patient.Ethnicity"/><display value="Ethnicity [C3]"/><target><code value="Subject.race"/><display value="Race"/><equivalence value="relatedto"/></target></element><element><code value="Osiris.Patient.BirthDate"/><display value="Birth Date [C4]"/><target><code value="Subject.dateOfBirth.date"/><display value="Date of birth"/><equivalence value="equivalent"/></target></element><element><code value="Osiris.Patient.DeathDate"/><display value="Death Date [C5]"/><target><equivalence value="unmatched"/></target></element><element><code value="Osiris.Patient.ProviderCenterId"/><display value="Provider  Center  Id [C6]"/><target><equivalence value="unmatched"/></target></element><element><code value="Osiris.Patient.OriginCenterId"/><display value="Origin  Center  Id [C71]"/><target><equivalence value="unmatched"/></target></element><element><code value="Osiris.Patient.CauseOfDeath"/><display value="Cause of death [C7]"/><target><equivalence value="unmatched"/></target></element><element><code value="Osiris.Patient.LastNewsDate"/><display value="Last News Date [C8]"/><target><equivalence value="unmatched"/></target></element><element><code value="Osiris.Patient.LastNewsStatus"/><display value="Last News Status [C9]"/><target><equivalence value="unmatched"/></target></element></group></ConceptMap>