{
  "resourceType": "Observation",
  "meta": {
    "profile": [
      "http://hl7.eu/fhir/ig/idea4rc/StructureDefinition/mcode-tnm-regional-nodes-category"
    ]
  },
  "text": {
    "status": "generated",
    "div": "<div xmlns=\"http://www.w3.org/1999/xhtml\"><h2>Observation</h2>\r\n<p style=\"text-align: left;\">4221515 - Pathologic TNM stage grouping - http://fhir.ohdsi.org/CodeSystem/concepts</p>\r\n<p style=\"text-align: left;\">1634770 - AJCC/UICC 8th pathological N3b Category - http://fhir.ohdsi.org/CodeSystem/concepts</p>\r\n</div>"
  },
  "status": "final",
  "code": {
    "coding": [
      {
        "system": "http://fhir.ohdsi.org/CodeSystem/concepts",
        "code": "4221515",
        "display": "Pathologic TNM stage grouping"
      }
    ]
  },
  "subject": {
    "reference": "urn:uuid:b0f428d3-ae39-4ce7-99f6-673df9c79471"
  },
  "valueCodeableConcept": {
    "coding": [
      {
        "system": "http://fhir.ohdsi.org/CodeSystem/concepts",
        "code": "1634770",
        "display": "AJCC/UICC 8th pathological N3b Category"
      }
    ]
  }
}