{
  "resourceType": "Condition",
  "meta": {
    "profile": [
      "http://hl7.eu/fhir/ig/idea4rc/StructureDefinition/Condition-secondaryCancer-eu-i4rc"
    ]
  },
  "text": {
    "status": "generated",
    "div": "<div xmlns=\"http://www.w3.org/1999/xhtml\"><h2>Condition</h2>\r\n</div>"
  },
  "extension": [
    {
      "url": "http://hl7.org/fhir/StructureDefinition/condition-related",
      "valueReference": {
        "reference": "urn:uuid:5a5bd0ce-8470-458c-897e-823efc99154f"
      }
    }
  ],
  "bodySite": [
    {
      "coding": [
        {
          "system": "http://fhir.ohdsi.org/CodeSystem/concepts",
          "code": "4000496",
          "display": "Bone part"
        }
      ]
    },
    {
      "coding": [
        {
          "system": "http://fhir.ohdsi.org/CodeSystem/concepts",
          "code": "4150673",
          "display": "Pleural structure"
        }
      ]
    }
  ],
  "subject": {
    "reference": "urn:uuid:b0f428d3-ae39-4ce7-99f6-673df9c79471"
  }
}