{
  "resourceType": "Observation",
  "meta": {
    "profile": [
      "http://hl7.eu/fhir/ig/idea4rc/StructureDefinition/observation-dateLastContact-eu-i4rc"
    ]
  },
  "text": {
    "status": "generated",
    "div": "<div xmlns=\"http://www.w3.org/1999/xhtml\"><h2>Observation</h2>\r\n<p style=\"text-align: left;\">21975-8 - http://loinc.org</p>\r\n<p style=\"text-align: left;\">Sat Feb 03 00:00:00 CET 2024</p>\r\n</div>"
  },
  "status": "final",
  "code": {
    "coding": [
      {
        "system": "http://loinc.org",
        "code": "21975-8"
      }
    ]
  },
  "subject": {
    "reference": "urn:uuid:b0f428d3-ae39-4ce7-99f6-673df9c79471"
  },
  "encounter": {
    "reference": "urn:uuid:31d60d26-0f64-451f-b354-234f50055978"
  },
  "valueDateTime": "2024-02-03"
}