{
  "resourceType": "Observation",
  "meta": {
    "profile": [
      "http://hl7.eu/fhir/ig/idea4rc/StructureDefinition/observation-alcoholuse-eu-i4rc"
    ]
  },
  "text": {
    "status": "generated",
    "div": "<div xmlns=\"http://www.w3.org/1999/xhtml\"><h2>Observation</h2>\r\n<p style=\"text-align: left;\">11331-6 - History of Alcohol use - http://loinc.org</p>\r\n<p style=\"text-align: left;\">37204556 - Lifetime non-drinker of alcohol - http://fhir.ohdsi.org/CodeSystem/concepts</p>\r\n</div>"
  },
  "status": "final",
  "code": {
    "coding": [
      {
        "system": "http://loinc.org",
        "code": "11331-6",
        "display": "History of Alcohol use"
      }
    ]
  },
  "subject": {
    "reference": "urn:uuid:b0f428d3-ae39-4ce7-99f6-673df9c79471"
  },
  "valueCodeableConcept": {
    "coding": [
      {
        "system": "http://fhir.ohdsi.org/CodeSystem/concepts",
        "code": "37204556",
        "display": "Lifetime non-drinker of alcohol"
      }
    ]
  }
}