{
  "resourceType": "Observation",
  "meta": {
    "profile": [
      "http://hl7.org/fhir/StructureDefinition/bmi"
    ]
  },
  "text": {
    "status": "generated",
    "div": "<div xmlns=\"http://www.w3.org/1999/xhtml\"><h2>Observation</h2>\r\n<p style=\"text-align: left;\">39156-5 - Body mass index (BMI) [Ratio] - http://loinc.org</p>\r\n<p style=\"text-align: left;\">25.700000762939453 kilogram per square meter</p>\r\n</div>"
  },
  "status": "final",
  "code": {
    "coding": [
      {
        "system": "http://loinc.org",
        "code": "39156-5",
        "display": "Body mass index (BMI) [Ratio]"
      }
    ]
  },
  "subject": {
    "reference": "urn:uuid:b0f428d3-ae39-4ce7-99f6-673df9c79471"
  },
  "valueQuantity": {
    "value": 25.700000762939453,
    "unit": "kilogram per square meter",
    "system": "http://unitsofmeasure.org",
    "code": "kg/m2"
  }
}