{
  "resourceType": "Observation",
  "meta": {
    "profile": [
      "http://hl7.eu/fhir/ig/idea4rc/StructureDefinition/Observation-diagnosis-eu-i4rc"
    ]
  },
  "text": {
    "status": "generated",
    "div": "<div xmlns=\"http://www.w3.org/1999/xhtml\"><h2>Observation</h2>\r\n<p style=\"text-align: left;\">29308-4 - Diagnosis - http://loinc.org</p>\r\n</div>"
  },
  "status": "final",
  "code": {
    "coding": [
      {
        "system": "http://loinc.org",
        "code": "29308-4",
        "display": "Diagnosis"
      }
    ]
  },
  "subject": {
    "reference": "urn:uuid:b0f428d3-ae39-4ce7-99f6-673df9c79471"
  },
  "effectiveDateTime": "2022-01-15T00:00:00+01:00",
  "method": {
    "coding": [
      {
        "system": "http://fhir.ohdsi.org/CodeSystem/concepts",
        "code": "4171863",
        "display": "Fine needle biopsy"
      }
    ]
  }
}