{
  "resourceType": "Observation",
  "meta": {
    "profile": [
      "http://hl7.eu/fhir/ig/idea4rc/StructureDefinition/observation-comorbidity-eu-i4rc"
    ]
  },
  "text": {
    "status": "generated",
    "div": "<div xmlns=\"http://www.w3.org/1999/xhtml\"><h2>Observation</h2>\r\n<p style=\"text-align: left;\">75618-9 - Comorbid condition - http://loinc.org</p>\r\n<p style=\"text-align: left;\">2</p>\r\n</div>"
  },
  "extension": [
    {
      "url": "http://hl7.org/fhir/us/mcode/StructureDefinition/mcode-related-condition-absent",
      "valueCodeableConcept": {
        "coding": [
          {
            "system": "http://fhir.ohdsi.org/CodeSystem/concepts",
            "code": "4329847",
            "display": "Myocardial infarction"
          }
        ]
      }
    },
    {
      "url": "http://hl7.org/fhir/us/mcode/StructureDefinition/mcode-related-condition-absent",
      "valueCodeableConcept": {
        "coding": [
          {
            "system": "http://fhir.ohdsi.org/CodeSystem/concepts",
            "code": "319835",
            "display": "Congestive heart failure"
          }
        ]
      }
    },
    {
      "url": "http://hl7.org/fhir/us/mcode/StructureDefinition/mcode-related-condition",
      "valueCodeableConcept": {
        "coding": [
          {
            "system": "http://fhir.ohdsi.org/CodeSystem/concepts",
            "code": "321052",
            "display": "Peripheral vascular disease"
          }
        ]
      }
    },
    {
      "url": "http://hl7.org/fhir/us/mcode/StructureDefinition/mcode-related-condition-absent",
      "valueCodeableConcept": {
        "coding": [
          {
            "system": "http://fhir.ohdsi.org/CodeSystem/concepts",
            "code": "381316",
            "display": "Cerebrovascular accident"
          }
        ]
      }
    },
    {
      "url": "http://hl7.org/fhir/us/mcode/StructureDefinition/mcode-related-condition",
      "valueCodeableConcept": {
        "coding": [
          {
            "system": "http://fhir.ohdsi.org/CodeSystem/concepts",
            "code": "4182210",
            "display": "Dementia"
          }
        ]
      }
    },
    {
      "url": "http://hl7.org/fhir/us/mcode/StructureDefinition/mcode-related-condition-absent",
      "valueCodeableConcept": {
        "coding": [
          {
            "system": "http://fhir.ohdsi.org/CodeSystem/concepts",
            "code": "1620830",
            "display": "Chronic pulmonary disease"
          }
        ]
      }
    },
    {
      "url": "http://hl7.org/fhir/us/mcode/StructureDefinition/mcode-related-condition-absent",
      "valueCodeableConcept": {
        "coding": [
          {
            "system": "http://fhir.ohdsi.org/CodeSystem/concepts",
            "code": "4344165",
            "display": "Undifferentiated connective tissue disease"
          }
        ]
      }
    },
    {
      "url": "http://hl7.org/fhir/us/mcode/StructureDefinition/mcode-related-condition",
      "valueCodeableConcept": {
        "coding": [
          {
            "system": "http://fhir.ohdsi.org/CodeSystem/concepts",
            "code": "4177703",
            "display": "Ulcer"
          }
        ]
      }
    },
    {
      "url": "http://hl7.org/fhir/us/mcode/StructureDefinition/mcode-related-condition-absent",
      "valueCodeableConcept": {
        "coding": [
          {
            "system": "http://fhir.ohdsi.org/CodeSystem/concepts",
            "code": "1621281",
            "display": "Mild liver disease"
          }
        ]
      }
    },
    {
      "url": "http://hl7.org/fhir/us/mcode/StructureDefinition/mcode-related-condition",
      "valueCodeableConcept": {
        "coding": [
          {
            "system": "http://hl7.eu/fhir/ig/idea4rc/CodeSystem/cs-generic-eu-i4rc",
            "code": "1620421-liver",
            "display": "Moderate or severe liver disease"
          }
        ]
      }
    },
    {
      "url": "http://hl7.org/fhir/us/mcode/StructureDefinition/mcode-related-condition-absent",
      "valueCodeableConcept": {
        "coding": [
          {
            "system": "http://hl7.eu/fhir/ig/idea4rc/CodeSystem/cs-generic-eu-i4rc",
            "code": "1620421-renal",
            "display": "Moderate or severe renal disease"
          }
        ]
      }
    },
    {
      "url": "http://hl7.org/fhir/us/mcode/StructureDefinition/mcode-related-condition-absent",
      "valueCodeableConcept": {
        "coding": [
          {
            "system": "http://fhir.ohdsi.org/CodeSystem/concepts",
            "code": "1620816",
            "display": "Diabetes (without complications)"
          }
        ]
      }
    },
    {
      "url": "http://hl7.org/fhir/us/mcode/StructureDefinition/mcode-related-condition-absent",
      "valueCodeableConcept": {
        "coding": [
          {
            "system": "http://fhir.ohdsi.org/CodeSystem/concepts",
            "code": "1620753",
            "display": "Diabetes with end organ damage"
          }
        ]
      }
    },
    {
      "url": "http://hl7.org/fhir/us/mcode/StructureDefinition/mcode-related-condition-absent",
      "valueCodeableConcept": {
        "coding": [
          {
            "system": "http://fhir.ohdsi.org/CodeSystem/concepts",
            "code": "374022",
            "display": "Hemiplegia"
          }
        ]
      }
    },
    {
      "url": "http://hl7.org/fhir/us/mcode/StructureDefinition/mcode-related-condition-absent",
      "valueCodeableConcept": {
        "coding": [
          {
            "system": "http://fhir.ohdsi.org/CodeSystem/concepts",
            "code": "1621181",
            "display": "Metastatic solid tumor"
          }
        ]
      }
    },
    {
      "url": "http://hl7.org/fhir/us/mcode/StructureDefinition/mcode-related-condition-absent",
      "valueCodeableConcept": {
        "coding": [
          {
            "system": "http://hl7.eu/fhir/ig/idea4rc/CodeSystem/cs-generic-eu-i4rc",
            "code": "solid-tumor",
            "display": "Solid tumor (non metastatic)"
          }
        ]
      }
    },
    {
      "url": "http://hl7.org/fhir/us/mcode/StructureDefinition/mcode-related-condition-absent",
      "valueCodeableConcept": {
        "coding": [
          {
            "system": "http://fhir.ohdsi.org/CodeSystem/concepts",
            "code": "317510",
            "display": "Leukemia"
          }
        ]
      }
    },
    {
      "url": "http://hl7.org/fhir/us/mcode/StructureDefinition/mcode-related-condition-absent",
      "valueCodeableConcept": {
        "coding": [
          {
            "system": "http://fhir.ohdsi.org/CodeSystem/concepts",
            "code": "45881968",
            "display": "Lymphoma"
          }
        ]
      }
    },
    {
      "url": "http://hl7.org/fhir/us/mcode/StructureDefinition/mcode-related-condition-absent",
      "valueCodeableConcept": {
        "coding": [
          {
            "system": "http://fhir.ohdsi.org/CodeSystem/concepts",
            "code": "437233",
            "display": "Multiple myeloma"
          }
        ]
      }
    },
    {
      "url": "http://hl7.org/fhir/us/mcode/StructureDefinition/mcode-related-condition-absent",
      "valueCodeableConcept": {
        "coding": [
          {
            "system": "http://fhir.ohdsi.org/CodeSystem/concepts",
            "code": "45884125",
            "display": "AIDS"
          }
        ]
      }
    },
    {
      "url": "http://hl7.org/fhir/us/mcode/StructureDefinition/mcode-related-condition-absent",
      "valueCodeableConcept": {
        "coding": [
          {
            "system": "http://fhir.ohdsi.org/CodeSystem/concepts",
            "code": "4211787",
            "display": "No evidence of"
          }
        ]
      }
    },
    {
      "url": "http://hl7.org/fhir/us/mcode/StructureDefinition/mcode-related-condition-absent",
      "valueCodeableConcept": {
        "coding": [
          {
            "system": "http://fhir.ohdsi.org/CodeSystem/concepts",
            "code": "4145177",
            "display": "Enchondromatosis"
          }
        ]
      }
    },
    {
      "url": "http://hl7.org/fhir/us/mcode/StructureDefinition/mcode-related-condition",
      "valueCodeableConcept": {
        "coding": [
          {
            "system": "http://fhir.ohdsi.org/CodeSystem/concepts",
            "code": "4187683",
            "display": "Maffucci syndrome"
          }
        ]
      }
    },
    {
      "url": "http://hl7.org/fhir/us/mcode/StructureDefinition/mcode-related-condition-absent",
      "valueCodeableConcept": {
        "coding": [
          {
            "system": "http://fhir.ohdsi.org/CodeSystem/concepts",
            "code": "4323645",
            "display": "Li-Fraumeni syndrome"
          }
        ]
      }
    },
    {
      "url": "http://hl7.org/fhir/us/mcode/StructureDefinition/mcode-related-condition-absent",
      "valueCodeableConcept": {
        "coding": [
          {
            "system": "http://fhir.ohdsi.org/CodeSystem/concepts",
            "code": "37117262",
            "display": "McCune Albright syndrome"
          }
        ]
      }
    },
    {
      "url": "http://hl7.org/fhir/us/mcode/StructureDefinition/mcode-related-condition-absent",
      "valueCodeableConcept": {
        "coding": [
          {
            "system": "http://fhir.ohdsi.org/CodeSystem/concepts",
            "code": "37396802",
            "display": "Multiple osteochondroma"
          }
        ]
      }
    },
    {
      "url": "http://hl7.org/fhir/us/mcode/StructureDefinition/mcode-related-condition-absent",
      "valueCodeableConcept": {
        "coding": [
          {
            "system": "http://fhir.ohdsi.org/CodeSystem/concepts",
            "code": "377252",
            "display": "Neurofibromatosis type 1"
          }
        ]
      }
    },
    {
      "url": "http://hl7.org/fhir/us/mcode/StructureDefinition/mcode-related-condition-absent",
      "valueCodeableConcept": {
        "coding": [
          {
            "system": "http://fhir.ohdsi.org/CodeSystem/concepts",
            "code": "4286355",
            "display": "Rothmund-Thomson syndrome"
          }
        ]
      }
    },
    {
      "url": "http://hl7.org/fhir/us/mcode/StructureDefinition/mcode-related-condition-absent",
      "valueCodeableConcept": {
        "coding": [
          {
            "system": "http://fhir.ohdsi.org/CodeSystem/concepts",
            "code": "4197821",
            "display": "Werner syndrome"
          }
        ]
      }
    },
    {
      "url": "http://hl7.org/fhir/us/mcode/StructureDefinition/mcode-related-condition-absent",
      "valueCodeableConcept": {
        "coding": [
          {
            "system": "http://fhir.ohdsi.org/CodeSystem/concepts",
            "code": "4158977",
            "display": "Retinoblastoma"
          }
        ]
      }
    },
    {
      "url": "http://hl7.org/fhir/us/mcode/StructureDefinition/mcode-related-condition-absent",
      "valueCodeableConcept": {
        "coding": [
          {
            "system": "http://fhir.ohdsi.org/CodeSystem/concepts",
            "code": "75910",
            "display": "Osteitis deformans"
          }
        ]
      }
    }
  ],
  "status": "final",
  "code": {
    "coding": [
      {
        "system": "http://loinc.org",
        "code": "75618-9",
        "display": "Comorbid condition"
      }
    ]
  },
  "subject": {
    "reference": "urn:uuid:b0f428d3-ae39-4ce7-99f6-673df9c79471"
  },
  "valueQuantity": {
    "value": 2
  }
}