{
  "resourceType": "Procedure",
  "meta": {
    "profile": [
      "http://hl7.eu/fhir/ig/idea4rc/StructureDefinition/Procedure-radiotheraphy-eu-i4rc"
    ]
  },
  "extension": [
    {
      "url": "http://hl7.eu/fhir/ig/idea4rc/StructureDefinition/same-custodian-flag",
      "valueString": "INT"
    },
    {
      "url": "http://hl7.org/fhir/us/mcode/StructureDefinition/mcode-procedure-intent",
      "valueCodeableConcept": {
        "coding": [
          {
            "system": "http://fhir.ohdsi.org/CodeSystem/concepts",
            "code": "4162591",
            "display": "Curative - procedure intent"
          }
        ]
      }
    },
    {
      "url": "http://hl7.org/fhir/5.0/StructureDefinition/extension-Procedure.category",
      "valueCodeableConcept": {
        "coding": [
          {
            "system": "http://fhir.ohdsi.org/CodeSystem/concepts",
            "code": "4058775",
            "display": "Postoperative course of radiotherapy"
          }
        ]
      }
    },
    {
      "url": "http://hl7.eu/fhir/ig/idea4rc/StructureDefinition/mcode-radiotherapy-modality-and-technique",
      "extension": [
        {
          "url": "http://hl7.eu/fhir/ig/idea4rc/StructureDefinition/mcode-radiotherapy-modality",
          "valueCodeableConcept": {
            "coding": [
              {
                "system": "http://fhir.ohdsi.org/CodeSystem/concepts",
                "code": "4012485",
                "display": "Interstitial brachytherapy"
              }
            ]
          }
        },
        {
          "url": "http://hl7.eu/fhir/ig/idea4rc/StructureDefinition/mcode-radiotherapy-technique",
          "valueCodeableConcept": {
            "coding": [
              {
                "system": "http://fhir.ohdsi.org/CodeSystem/concepts",
                "code": "4215577",
                "display": "Stereotactic radiotherapy"
              }
            ]
          }
        }
      ]
    },
    {
      "url": "http://hl7.org/fhir/us/mcode/StructureDefinition/mcode-radiotherapy-dose-delivered-to-volume",
      "extension": [
        {
          "url": "totalDoseDelivered",
          "valueQuantity": {
            "value": 10.699999809265137,
            "unit": "Gy",
            "system": "http://unitsofmeasure.org"
          }
        },
        {
          "url": "fractionsDelivered",
          "valueDecimal": 8.5
        }
      ]
    },
    {
      "url": "http://hl7.org/fhir/us/mcode/StructureDefinition/mcode-treatment-termination-reason",
      "valueCodeableConcept": {
        "coding": [
          {
            "system": "http://fhir.ohdsi.org/CodeSystem/concepts",
            "code": "4188540",
            "display": "no"
          }
        ]
      }
    }
  ],
  "status": "in-progress",
  "category": {
    "coding": [
      {
        "system": "http://snomed.info/sct",
        "code": "108290001",
        "display": "Radiotherapy"
      }
    ]
  },
  "code": {
    "coding": [
      {
        "system": "http://snomed.info/sct",
        "code": "108290001",
        "display": "Radiotherapy"
      }
    ]
  },
  "subject": {
    "reference": "urn:uuid:b0f428d3-ae39-4ce7-99f6-673df9c79471"
  },
  "performedPeriod": {
    "start": "2022-05-14T00:00:00+02:00",
    "end": "2022-11-15T00:00:00+01:00"
  },
  "reasonReference": [
    {
      "reference": "urn:uuid:5a5bd0ce-8470-458c-897e-823efc99154f"
    }
  ]
}